{
  "version": 1,
  "author": "Anonymous maker",
  "editor": "wokwi",
  "parts": [
    { "type": "wokwi-breadboard", "id": "bb1", "top": -185.4, "left": -141.2, "attrs": {} },
    { "type": "wokwi-arduino-uno", "id": "uno", "top": 29.4, "left": -96.6, "attrs": {} },
    {
      "type": "wokwi-led",
      "id": "led1",
      "top": -118.8,
      "left": 253.4,
      "attrs": { "color": "red" }
    },
    {
      "type": "wokwi-resistor",
      "id": "r1",
      "top": -61.78,
      "left": 260.34,
      "attrs": { "value": "1000" }
    },
    {
      "type": "wokwi-photoresistor-sensor",
      "id": "ldr1",
      "top": -166.71,
      "left": 380.77,
      "attrs": {}
    },
    {
      "type": "wokwi-resistor",
      "id": "r2",
      "top": -82.45,
      "left": 57.6,
      "attrs": { "value": "1000" }
    },
    {
      "type": "wokwi-led",
      "id": "led2",
      "top": -200.08,
      "left": 69.29,
      "attrs": { "color": "limegreen" }
    },
    {
      "type": "wokwi-led",
      "id": "led3",
      "top": 25.2,
      "left": 301.4,
      "attrs": { "color": "yellow" }
    }
  ],
  "connections": [
    [ "uno:GND.1", "bb1:tn.11", "black", [ "v0" ] ],
    [ "bb1:18t.c", "uno:10", "green", [ "v0" ] ],
    [ "bb1:18t.c", "r2:1", "green", [ "v0.14", "h68.06" ] ],
    [ "bb1:tn.25", "led1:C", "green", [ "v0" ] ],
    [ "led1:A", "r2:2", "green", [ "v0" ] ],
    [ "r1:1", "bb1:40b.g", "", [ "$bb" ] ],
    [ "uno:A4", "r1:1", "green", [ "v0" ] ],
    [ "ldr1:AO", "r1:2", "green", [ "h0" ] ],
    [ "bb1:tn.26", "ldr1:GND", "green", [ "v0" ] ],
    [ "led3:A", "r2:2", "green", [ "v0" ] ],
    [ "led3:C", "bb1:tn.23", "green", [ "v0" ] ],
    [ "led2:A", "r2:2", "green", [ "v0" ] ],
    [ "led2:C", "bb1:tn.22", "green", [ "v0" ] ]
  ],
  "dependencies": {}
}